Workbook

Sheet Project_overview
A1: PAYROLL RECONCILIATION & MANPOWER COST ANALYSIS
A3: OBJECTIVE | B3: Compare current and prior-month payroll, identify payroll exceptions, and summarize manpower cost by department.
A4: Tools Used | B4: Microsoft Excel
A5: Excel Functions | B5: VLOOKUP, IF, IFERROR, SUMIFS, COUNTIFS, ABS
A6: Analysis | B6: Payroll reconciliation, variance analysis, overtime review, exception checking, department cost summary
A7: Desclaimer | B7: All employee data and payroll assumptions are fictional and used for learning and portfolio purposes

Sheet Employee_Master
A1: EMPLOYEE MASTER DATA
A3: Employee ID | B3: Employee Name | C3: Department | D3: Status | E3: Grade | F3: Join Date | G3: Basic Salary | H3: Fixed Allowance | I3: OT Rate
A4: E001 | B4: Employee 001 | C4: Production | D4: Active | E4: G1 | F4: 43148 | G4: 4350000 | H4: 500000 | I4: 35000
A5: E002 | B5: Employee 002 | C5: Quality Control | D5: Active | E5: G2 | F5: 43195 | G5: 5500000 | H5: 700000 | I5: 45000
A6: E003 | B6: Employee 003 | C6: Warehouse | D6: Active | E6: G3 | F6: 43242 | G6: 6500000 | H6: 950000 | I6: 55000
A7: E004 | B7: Employee 004 | C7: Engineering | D7: Active | E7: G4 | F7: 43289 | G7: 8150000 | H7: 1200000 | I7: 70000
A8: E005 | B8: Employee 005 | C8: Finance | D8: Active | E8: G1 | F8: 43336 | G8: 4500000 | H8: 500000 | I8: 35000
A9: E006 | B9: Employee 006 | C9: HR | D9: Active | E9: G2 | F9: 43383 | G9: 5200000 | H9: 700000 | I9: 45000
A10: E007 | B10: Employee 007 | C10: Production | D10: Active | E10: G3 | F10: 43430 | G10: 6650000 | H10: 950000 | I10: 55000
A11: E008 | B11: Employee 008 | C11: Quality Control | D11: Active | E11: G4 | F11: 43477 | G11: 8300000 | H11: 1200000 | I11: 70000
A12: E009 | B12: Employee 009 | C12: Warehouse | D12: Active | E12: G1 | F12: 43524 | G12: 4200000 | H12: 500000 | I12: 35000
A13: E010 | B13: Employee 010 | C13: Engineering | D13: Active | E13: G2 | F13: 43571 | G13: 5350000 | H13: 700000 | I13: 45000
A14: E011 | B14: Employee 011 | C14: Finance | D14: Active | E14: G3 | F14: 43618 | G14: 6800000 | H14: 950000 | I14: 55000
A15: E012 | B15: Employee 012 | C15: HR | D15: Resigned | E15: G4 | F15: 43665 | G15: 8000000 | H15: 1200000 | I15: 70000
... A63: E060 | B63: Employee 060 | C63: HR | D63: New Joiner | E63: G4 | F63: 43521 | G63: 8000000 | H63: 1200000 | I63: 70000

Sheet Attendance_Current
A1: CURRENT MONTH ATTENDANCE & OVERTIME INPUT
A3: Employee ID | B3: Work Days | C3: Absent Days | D3: Late Count | E3: Approved OT Hours | F3: Other Deduction
A4: E001 | B4: 22 | C4: 0 | D4: 3 | E4: 5 | F4: 75000
A5: E002 | B5: 22 | C5: 0 | D5: 0 | E5: 10 | F5: 0
A6: E003 | B6: 22 | C6: 0 | D6: 3 | E6: 15 | F6: 75000
A7: E004 | B7: 22 | C7: 0 | D7: 0 | E7: 20 | F7: 0
A8: E005 | B8: 22 | C8: 0 | D8: 3 | E8: 25 | F8: 75000
A9: E006 | B9: 22 | C9: 0 | D9: 0 | E9: 4 | F9: 0
A10: E007 | B10: 22 | C10: 1 | D10: 3 | E10: 9 | F10: 175000
A11: E008 | B11: 22 | C11: 0 | D11: 0 | E11: 58 | F11: 0
A12: E009 | B12: 22 | C12: 0 | D12: 3 | E12: 19 | F12: 75000
A13: E010 | B13: 22 | C13: 0 | D13: 0 | E13: 24 | F13: 0
A14: E011 | B14: 22 | C14: 0 | D14: 3 | E14: 3 | F14: 75000
A15: E012 | B15: 22 | C15: 0 | D15: 0 | E15: 8 | F15: 0
... A63: E060 | B63: 22 | C63: 0 | D63: 0 | E63: 14 | F63: 0

Sheet Prior_Month_Payroll
A1: PRIOR MONTH PAYROLL — REFERENCE
A3: Employee ID | B3: Basic Salary | C3: Fixed Allowance | D3: OT Hours | E3: OT Pay | F3: Attendance Allowance | G3: Other Deduction | H3: Gross Pay | I3: Net Pay
A4: E001 | B4: 4350000 | C4: 500000 | D4: 5 | E4: 175000 | F4: 250000 | G4: 75000 | H4: 5275000 | I4: 5200000
A5: E002 | B5: 5500000 | C5: 700000 | D5: 9 | E5: 405000 | F5: 250000 | G5: 0 | H5: 6855000 | I5: 6855000
A6: E003 | B6: 6500000 | C6: 950000 | D6: 13 | E6: 715000 | F6: 250000 | G6: 75000 | H6: 8415000 | I6: 8340000
A7: E004 | B7: 8150000 | C7: 1200000 | D7: 17 | E7: 1190000 | F7: 250000 | G7: 0 | H7: 10790000 | I7: 10790000
A8: E005 | B8: 4500000 | C8: 500000 | D8: 25 | E8: 875000 | F8: 250000 | G8: 75000 | H8: 6125000 | I8: 6050000
A9: E006 | B9: 5200000 | C9: 700000 | D9: 3 | E9: 135000 | F9: 250000 | G9: 0 | H9: 6285000 | I9: 6285000
A10: E007 | B10: 6650000 | C10: 950000 | D10: 7 | E10: 385000 | F10: 0 | G10: 175000 | H10: 7985000 | I10: 7810000
A11: E008 | B11: 8300000 | C11: 1200000 | D11: 55 | E11: 3850000 | F11: 250000 | G11: 0 | H11: 13600000 | I11: 13600000
A12: E009 | B12: 4200000 | C12: 500000 | D12: 19 | E12: 665000 | F12: 250000 | G12: 75000 | H12: 5615000 | I12: 5540000
A13: E010 | B13: 5350000 | C13: 700000 | D13: 23 | E13: 1035000 | F13: 250000 | G13: 0 | H13: 7335000 | I13: 7335000
A14: E011 | B14: 6800000 | C14: 950000 | D14: 1 | E14: 55000 | F14: 250000 | G14: 75000 | H14: 8055000 | I14: 7980000
A15: E012 | B15: 8000000 | C15: 1200000 | D15: 5 | E15: 350000 | F15: 250000 | G15: 0 | H15: 9800000 | I15: 9800000
... A63: E060 | B63: 8000000 | C63: 1200000 | D63: 11 | E63: 770000 | F63: 250000 | G63: 0 | H63: 10220000 | I63: 10220000

Sheet Payroll_Reconciliation
A1: CURRENT MONTH PAYROLL RECONCILIATION — COMPLETE THE YELLOW COLUMNS
A2: Employee ID | B2: Employee Name | C2: Department | D2: Status | E2: Basic Salary | F2: Fixed Allowance | G2: Approved OT Hours | H2: OT Rate | I2: OT Pay | J2: Absent Days | K2: Attendance Allowance | L2: Other Deduction | M2: Gross Pay | N2: Net Pay | O2: Prior Net Pay | P2: Variance | Q2: Variance % | R2: Exception Check
A3: E001 | B3: =IFERROR(VLOOKUP(A3,Employee_Master!$A$4:$I$63,2,FALSE),0) -> Employee 001 | C3: =IFERROR(VLOOKUP(A3,Employee_Master!$A$4:$I$63,3,FALSE),0) -> Production | D3: =IFERROR(VLOOKUP(A3,Employee_Master!$A$4:$I$63,4,FALSE),0) -> Active | E3: =IFERROR(VLOOKUP(A3,Employee_Master!$A$4:$I$63,7,FALSE),0) -> 4350000 | F3: =IFERROR(VLOOKUP(A3,Employee_Master!$A$4:$I$63,8,FALSE),0) -> 500000 | G3: =IFERROR(VLOOKUP(A3,Attendance_Current!$A$4:$F$63,5,FALSE),0) -> 5 | H3: =IFERROR(VLOOKUP(A3,Employee_Master!$A$4:$I$63,9,FALSE),0) -> 35000 | I3: =H3*G3 -> 175000 | J3: =IFERROR(VLOOKUP(A3,Attendance_Current!$A$4:$F$63,3,FALSE),0) -> 0 | K3: =IF(J3=0,250000,0) -> 250000 | L3: =IFERROR(VLOOKUP(A3,Prior_Month_Payroll!$A$4:$I$63,7,FALSE),0) -> 75000 | M3: =SUM(E3:F3,I3,K3) -> 5275000 | N3: =M3-L3 -> 5200000 | O3: =IFERROR(VLOOKUP(A3,Prior_Month_Payroll!$A$4:$I$63,9,FALSE),0) -> 5200000 | P3: =N3-O3 -> 0 | Q3: =IFERROR(P3/O3,0) -> 0 | R3: =IF(D3<>"active","check status",IF(G3>40,"Check OT",IF(ABS(Q3)>15%,"check variance","OK"))) -> OK
A4: E002 | B4: =IFERROR(VLOOKUP(A4,Employee_Master!$A$4:$I$63,2,FALSE),0) -> Employee 002 | C4: =IFERROR(VLOOKUP(A4,Employee_Master!$A$4:$I$63,3,FALSE),0) -> Quality Control | D4: =IFERROR(VLOOKUP(A4,Employee_Master!$A$4:$I$63,4,FALSE),0) -> Active | E4: =IFERROR(VLOOKUP(A4,Employee_Master!$A$4:$I$63,7,FALSE),0) -> 5500000 | F4: =IFERROR(VLOOKUP(A4,Employee_Master!$A$4:$I$63,8,FALSE),0) -> 700000 | G4: =IFERROR(VLOOKUP(A4,Attendance_Current!$A$4:$F$63,5,FALSE),0) -> 10 | H4: =IFERROR(VLOOKUP(A4,Employee_Master!$A$4:$I$63,9,FALSE),0) -> 45000 | I4: =H4*G4 -> 450000 | J4: =IFERROR(VLOOKUP(A4,Attendance_Current!$A$4:$F$63,3,FALSE),0) -> 0 | K4: =IF(J4=0,250000,0) -> 250000 | L4: =IFERROR(VLOOKUP(A4,Prior_Month_Payroll!$A$4:$I$63,7,FALSE),0) -> 0 | M4: =SUM(E4:F4,I4,K4) -> 6900000 | N4: =M4-L4 -> 6900000 | O4: =IFERROR(VLOOKUP(A4,Prior_Month_Payroll!$A$4:$I$63,9,FALSE),0) -> 6855000 | P4: =N4-O4 -> 45000 | Q4: =IFERROR(P4/O4,0) -> 0.0065645514 | R4: =IF(D4<>"active","check status",IF(G4>40,"Check OT",IF(ABS(Q4)>15%,"check variance","OK"))) -> OK
A5: E003 | B5: =IFERROR(VLOOKUP(A5,Employee_Master!$A$4:$I$63,2,FALSE),0) -> Employee 003 | C5: =IFERROR(VLOOKUP(A5,Employee_Master!$A$4:$I$63,3,FALSE),0) -> Warehouse | D5: =IFERROR(VLOOKUP(A5,Employee_Master!$A$4:$I$63,4,FALSE),0) -> Active | E5: =IFERROR(VLOOKUP(A5,Employee_Master!$A$4:$I$63,7,FALSE),0) -> 6500000 | F5: =IFERROR(VLOOKUP(A5,Employee_Master!$A$4:$I$63,8,FALSE),0) -> 950000 | G5: =IFERROR(VLOOKUP(A5,Attendance_Current!$A$4:$F$63,5,FALSE),0) -> 15 | H5: =IFERROR(VLOOKUP(A5,Employee_Master!$A$4:$I$63,9,FALSE),0) -> 55000 | I5: =H5*G5 -> 825000 | J5: =IFERROR(VLOOKUP(A5,Attendance_Current!$A$4:$F$63,3,FALSE),0) -> 0 | K5: =IF(J5=0,250000,0) -> 250000 | L5: =IFERROR(VLOOKUP(A5,Prior_Month_Payroll!$A$4:$I$63,7,FALSE),0) -> 75000 | M5: =SUM(E5:F5,I5,K5) -> 8525000 | N5: =M5-L5 -> 8450000 | O5: =IFERROR(VLOOKUP(A5,Prior_Month_Payroll!$A$4:$I$63,9,FALSE),0) -> 8340000 | P5: =N5-O5 -> 110000 | Q5: =IFERROR(P5/O5,0) -> 0.013189448 | R5: =IF(D5<>"active","check status",IF(G5>40,"Check OT",IF(ABS(Q5)>15%,"check variance","OK"))) -> OK
A6: E004 | B6: =IFERROR(VLOOKUP(A6,Employee_Master!$A$4:$I$63,2,FALSE),0) -> Employee 004 | C6: =IFERROR(VLOOKUP(A6,Employee_Master!$A$4:$I$63,3,FALSE),0) -> Engineering | D6: =IFERROR(VLOOKUP(A6,Employee_Master!$A$4:$I$63,4,FALSE),0) -> Active | E6: =IFERROR(VLOOKUP(A6,Employee_Master!$A$4:$I$63,7,FALSE),0) -> 8150000 | F6: =IFERROR(VLOOKUP(A6,Employee_Master!$A$4:$I$63,8,FALSE),0) -> 1200000 | G6: =IFERROR(VLOOKUP(A6,Attendance_Current!$A$4:$F$63,5,FALSE),0) -> 20 | H6: =IFERROR(VLOOKUP(A6,Employee_Master!$A$4:$I$63,9,FALSE),0) -> 70000 | I6: =H6*G6 -> 1400000 | J6: =IFERROR(VLOOKUP(A6,Attendance_Current!$A$4:$F$63,3,FALSE),0) -> 0 | K6: =IF(J6=0,250000,0) -> 250000 | L6: =IFERROR(VLOOKUP(A6,Prior_Month_Payroll!$A$4:$I$63,7,FALSE),0) -> 0 | M6: =SUM(E6:F6,I6,K6) -> 11000000 | N6: =M6-L6 -> 11000000 | O6: =IFERROR(VLOOKUP(A6,Prior_Month_Payroll!$A$4:$I$63,9,FALSE),0) -> 10790000 | P6: =N6-O6 -> 210000 | Q6: =IFERROR(P6/O6,0) -> 0.019462465 | R6: =IF(D6<>"active","check status",IF(G6>40,"Check OT",IF(ABS(Q6)>15%,"check variance","OK"))) -> OK
A7: E005 | B7: =IFERROR(VLOOKUP(A7,Employee_Master!$A$4:$I$63,2,FALSE),0) -> Employee 005 | C7: =IFERROR(VLOOKUP(A7,Employee_Master!$A$4:$I$63,3,FALSE),0) -> Finance | D7: =IFERROR(VLOOKUP(A7,Employee_Master!$A$4:$I$63,4,FALSE),0) -> Active | E7: =IFERROR(VLOOKUP(A7,Employee_Master!$A$4:$I$63,7,FALSE),0) -> 4500000 | F7: =IFERROR(VLOOKUP(A7,Employee_Master!$A$4:$I$63,8,FALSE),0) -> 500000 | G7: =IFERROR(VLOOKUP(A7,Attendance_Current!$A$4:$F$63,5,FALSE),0) -> 25 | H7: =IFERROR(VLOOKUP(A7,Employee_Master!$A$4:$I$63,9,FALSE),0) -> 35000 | I7: =H7*G7 -> 875000 | J7: =IFERROR(VLOOKUP(A7,Attendance_Current!$A$4:$F$63,3,FALSE),0) -> 0 | K7: =IF(J7=0,250000,0) -> 250000 | L7: =IFERROR(VLOOKUP(A7,Prior_Month_Payroll!$A$4:$I$63,7,FALSE),0) -> 75000 | M7: =SUM(E7:F7,I7,K7) -> 6125000 | N7: =M7-L7 -> 6050000 | O7: =IFERROR(VLOOKUP(A7,Prior_Month_Payroll!$A$4:$I$63,9,FALSE),0) -> 6050000 | P7: =N7-O7 -> 0 | Q7: =IFERROR(P7/O7,0) -> 0 | R7: =IF(D7<>"active","check status",IF(G7>40,"Check OT",IF(ABS(Q7)>15%,"check variance","OK"))) -> OK
A8: E006 | B8: =IFERROR(VLOOKUP(A8,Employee_Master!$A$4:$I$63,2,FALSE),0) -> Employee 006 | C8: =IFERROR(VLOOKUP(A8,Employee_Master!$A$4:$I$63,3,FALSE),0) -> HR | D8: =IFERROR(VLOOKUP(A8,Employee_Master!$A$4:$I$63,4,FALSE),0) -> Active | E8: =IFERROR(VLOOKUP(A8,Employee_Master!$A$4:$I$63,7,FALSE),0) -> 5200000 | F8: =IFERROR(VLOOKUP(A8,Employee_Master!$A$4:$I$63,8,FALSE),0) -> 700000 | G8: =IFERROR(VLOOKUP(A8,Attendance_Current!$A$4:$F$63,5,FALSE),0) -> 4 | H8: =IFERROR(VLOOKUP(A8,Employee_Master!$A$4:$I$63,9,FALSE),0) -> 45000 | I8: =H8*G8 -> 180000 | J8: =IFERROR(VLOOKUP(A8,Attendance_Current!$A$4:$F$63,3,FALSE),0) -> 0 | K8: =IF(J8=0,250000,0) -> 250000 | L8: =IFERROR(VLOOKUP(A8,Prior_Month_Payroll!$A$4:$I$63,7,FALSE),0) -> 0 | M8: =SUM(E8:F8,I8,K8) -> 6330000 | N8: =M8-L8 -> 6330000 | O8: =IFERROR(VLOOKUP(A8,Prior_Month_Payroll!$A$4:$I$63,9,FALSE),0) -> 6285000 | P8: =N8-O8 -> 45000 | Q8: =IFERROR(P8/O8,0) -> 0.0071599045 | R8: =IF(D8<>"active","check status",IF(G8>40,"Check OT",IF(ABS(Q8)>15%,"check variance","OK"))) -> OK
A9: E007 | B9: =IFERROR(VLOOKUP(A9,Employee_Master!$A$4:$I$63,2,FALSE),0) -> Employee 007 | C9: =IFERROR(VLOOKUP(A9,Employee_Master!$A$4:$I$63,3,FALSE),0) -> Production | D9: =IFERROR(VLOOKUP(A9,Employee_Master!$A$4:$I$63,4,FALSE),0) -> Active | E9: =IFERROR(VLOOKUP(A9,Employee_Master!$A$4:$I$63,7,FALSE),0) -> 6650000 | F9: =IFERROR(VLOOKUP(A9,Employee_Master!$A$4:$I$63,8,FALSE),0) -> 950000 | G9: =IFERROR(VLOOKUP(A9,Attendance_Current!$A$4:$F$63,5,FALSE),0) -> 9 | H9: =IFERROR(VLOOKUP(A9,Employee_Master!$A$4:$I$63,9,FALSE),0) -> 55000 | I9: =H9*G9 -> 495000 | J9: =IFERROR(VLOOKUP(A9,Attendance_Current!$A$4:$F$63,3,FALSE),0) -> 1 | K9: =IF(J9=0,250000,0) -> 0 | L9: =IFERROR(VLOOKUP(A9,Prior_Month_Payroll!$A$4:$I$63,7,FALSE),0) -> 175000 | M9: =SUM(E9:F9,I9,K9) -> 8095000 | N9: =M9-L9 -> 7920000 | O9: =IFERROR(VLOOKUP(A9,Prior_Month_Payroll!$A$4:$I$63,9,FALSE),0) -> 7810000 | P9: =N9-O9 -> 110000 | Q9: =IFERROR(P9/O9,0) -> 0.014084507 | R9: =IF(D9<>"active","check status",IF(G9>40,"Check OT",IF(ABS(Q9)>15%,"check variance","OK"))) -> OK
A10: E008 | B10: =IFERROR(VLOOKUP(A10,Employee_Master!$A$4:$I$63,2,FALSE),0) -> Employee 008 | C10: =IFERROR(VLOOKUP(A10,Employee_Master!$A$4:$I$63,3,FALSE),0) -> Quality Control | D10: =IFERROR(VLOOKUP(A10,Employee_Master!$A$4:$I$63,4,FALSE),0) -> Active | E10: =IFERROR(VLOOKUP(A10,Employee_Master!$A$4:$I$63,7,FALSE),0) -> 8300000 | F10: =IFERROR(VLOOKUP(A10,Employee_Master!$A$4:$I$63,8,FALSE),0) -> 1200000 | G10: =IFERROR(VLOOKUP(A10,Attendance_Current!$A$4:$F$63,5,FALSE),0) -> 58 | H10: =IFERROR(VLOOKUP(A10,Employee_Master!$A$4:$I$63,9,FALSE),0) -> 70000 | I10: =H10*G10 -> 4060000 | J10: =IFERROR(VLOOKUP(A10,Attendance_Current!$A$4:$F$63,3,FALSE),0) -> 0 | K10: =IF(J10=0,250000,0) -> 250000 | L10: =IFERROR(VLOOKUP(A10,Prior_Month_Payroll!$A$4:$I$63,7,FALSE),0) -> 0 | M10: =SUM(E10:F10,I10,K10) -> 13810000 | N10: =M10-L10 -> 13810000 | O10: =IFERROR(VLOOKUP(A10,Prior_Month_Payroll!$A$4:$I$63,9,FALSE),0) -> 13600000 | P10: =N10-O10 -> 210000 | Q10: =IFERROR(P10/O10,0) -> 0.015441176 | R10: =IF(D10<>"active","check status",IF(G10>40,"Check OT",IF(ABS(Q10)>15%,"check variance","OK"))) -> Check OT
A11: E009 | B11: =IFERROR(VLOOKUP(A11,Employee_Master!$A$4:$I$63,2,FALSE),0) -> Employee 009 | C11: =IFERROR(VLOOKUP(A11,Employee_Master!$A$4:$I$63,3,FALSE),0) -> Warehouse | D11: =IFERROR(VLOOKUP(A11,Employee_Master!$A$4:$I$63,4,FALSE),0) -> Active | E11: =IFERROR(VLOOKUP(A11,Employee_Master!$A$4:$I$63,7,FALSE),0) -> 4200000 | F11: =IFERROR(VLOOKUP(A11,Employee_Master!$A$4:$I$63,8,FALSE),0) -> 500000 | G11: =IFERROR(VLOOKUP(A11,Attendance_Current!$A$4:$F$63,5,FALSE),0) -> 19 | H11: =IFERROR(VLOOKUP(A11,Employee_Master!$A$4:$I$63,9,FALSE),0) -> 35000 | I11: =H11*G11 -> 665000 | J11: =IFERROR(VLOOKUP(A11,Attendance_Current!$A$4:$F$63,3,FALSE),0) -> 0 | K11: =IF(J11=0,250000,0) -> 250000 | L11: =IFERROR(VLOOKUP(A11,Prior_Month_Payroll!$A$4:$I$63,7,FALSE),0) -> 75000 | M11: =SUM(E11:F11,I11,K11) -> 5615000 | N11: =M11-L11 -> 5540000 | O11: =IFERROR(VLOOKUP(A11,Prior_Month_Payroll!$A$4:$I$63,9,FALSE),0) -> 5540000 | P11: =N11-O11 -> 0 | Q11: =IFERROR(P11/O11,0) -> 0 | R11: =IF(D11<>"active","check status",IF(G11>40,"Check OT",IF(ABS(Q11)>15%,"check variance","OK"))) -> OK
A12: E010 | B12: =IFERROR(VLOOKUP(A12,Employee_Master!$A$4:$I$63,2,FALSE),0) -> Employee 010 | C12: =IFERROR(VLOOKUP(A12,Employee_Master!$A$4:$I$63,3,FALSE),0) -> Engineering | D12: =IFERROR(VLOOKUP(A12,Employee_Master!$A$4:$I$63,4,FALSE),0) -> Active | E12: =IFERROR(VLOOKUP(A12,Employee_Master!$A$4:$I$63,7,FALSE),0) -> 5350000 | F12: =IFERROR(VLOOKUP(A12,Employee_Master!$A$4:$I$63,8,FALSE),0) -> 700000 | G12: =IFERROR(VLOOKUP(A12,Attendance_Current!$A$4:$F$63,5,FALSE),0) -> 24 | H12: =IFERROR(VLOOKUP(A12,Employee_Master!$A$4:$I$63,9,FALSE),0) -> 45000 | I12: =H12*G12 -> 1080000 | J12: =IFERROR(VLOOKUP(A12,Attendance_Current!$A$4:$F$63,3,FALSE),0) -> 0 | K12: =IF(J12=0,250000,0) -> 250000 | L12: =IFERROR(VLOOKUP(A12,Prior_Month_Payroll!$A$4:$I$63,7,FALSE),0) -> 0 | M12: =SUM(E12:F12,I12,K12) -> 7380000 | N12: =M12-L12 -> 7380000 | O12: =IFERROR(VLOOKUP(A12,Prior_Month_Payroll!$A$4:$I$63,9,FALSE),0) -> 7335000 | P12: =N12-O12 -> 45000 | Q12: =IFERROR(P12/O12,0) -> 0.0061349693 | R12: =IF(D12<>"active","check status",IF(G12>40,"Check OT",IF(ABS(Q12)>15%,"check variance","OK"))) -> OK
A13: E011 | B13: =IFERROR(VLOOKUP(A13,Employee_Master!$A$4:$I$63,2,FALSE),0) -> Employee 011 | C13: =IFERROR(VLOOKUP(A13,Employee_Master!$A$4:$I$63,3,FALSE),0) -> Finance | D13: =IFERROR(VLOOKUP(A13,Employee_Master!$A$4:$I$63,4,FALSE),0) -> Active | E13: =IFERROR(VLOOKUP(A13,Employee_Master!$A$4:$I$63,7,FALSE),0) -> 6800000 | F13: =IFERROR(VLOOKUP(A13,Employee_Master!$A$4:$I$63,8,FALSE),0) -> 950000 | G13: =IFERROR(VLOOKUP(A13,Attendance_Current!$A$4:$F$63,5,FALSE),0) -> 3 | H13: =IFERROR(VLOOKUP(A13,Employee_Master!$A$4:$I$63,9,FALSE),0) -> 55000 | I13: =H13*G13 -> 165000 | J13: =IFERROR(VLOOKUP(A13,Attendance_Current!$A$4:$F$63,3,FALSE),0) -> 0 | K13: =IF(J13=0,250000,0) -> 250000 | L13: =IFERROR(VLOOKUP(A13,Prior_Month_Payroll!$A$4:$I$63,7,FALSE),0) -> 75000 | M13: =SUM(E13:F13,I13,K13) -> 8165000 | N13: =M13-L13 -> 8090000 | O13: =IFERROR(VLOOKUP(A13,Prior_Month_Payroll!$A$4:$I$63,9,FALSE),0) -> 7980000 | P13: =N13-O13 -> 110000 | Q13: =IFERROR(P13/O13,0) -> 0.013784461 | R13: =IF(D13<>"active","check status",IF(G13>40,"Check OT",IF(ABS(Q13)>15%,"check variance","OK"))) -> OK
A14: E012 | B14: =IFERROR(VLOOKUP(A14,Employee_Master!$A$4:$I$63,2,FALSE),0) -> Employee 012 | C14: =IFERROR(VLOOKUP(A14,Employee_Master!$A$4:$I$63,3,FALSE),0) -> HR | D14: =IFERROR(VLOOKUP(A14,Employee_Master!$A$4:$I$63,4,FALSE),0) -> Resigned | E14: =IFERROR(VLOOKUP(A14,Employee_Master!$A$4:$I$63,7,FALSE),0) -> 8000000 | F14: =IFERROR(VLOOKUP(A14,Employee_Master!$A$4:$I$63,8,FALSE),0) -> 1200000 | G14: =IFERROR(VLOOKUP(A14,Attendance_Current!$A$4:$F$63,5,FALSE),0) -> 8 | H14: =IFERROR(VLOOKUP(A14,Employee_Master!$A$4:$I$63,9,FALSE),0) -> 70000 | I14: =H14*G14 -> 560000 | J14: =IFERROR(VLOOKUP(A14,Attendance_Current!$A$4:$F$63,3,FALSE),0) -> 0 | K14: =IF(J14=0,250000,0) -> 250000 | L14: =IFERROR(VLOOKUP(A14,Prior_Month_Payroll!$A$4:$I$63,7,FALSE),0) -> 0 | M14: =SUM(E14:F14,I14,K14) -> 10010000 | N14: =M14-L14 -> 10010000 | O14: =IFERROR(VLOOKUP(A14,Prior_Month_Payroll!$A$4:$I$63,9,FALSE),0) -> 9800000 | P14: =N14-O14 -> 210000 | Q14: =IFERROR(P14/O14,0) -> 0.021428571 | R14: =IF(D14<>"active","check status",IF(G14>40,"Check OT",IF(ABS(Q14)>15%,"check variance","OK"))) -> check status
... A62: E060 | B62: =IFERROR(VLOOKUP(A62,Employee_Master!$A$4:$I$63,2,FALSE),0) -> Employee 060 | C62: =IFERROR(VLOOKUP(A62,Employee_Master!$A$4:$I$63,3,FALSE),0) -> HR | D62: =IFERROR(VLOOKUP(A62,Employee_Master!$A$4:$I$63,4,FALSE),0) -> New Joiner | E62: =IFERROR(VLOOKUP(A62,Employee_Master!$A$4:$I$63,7,FALSE),0) -> 8000000 | F62: =IFERROR(VLOOKUP(A62,Employee_Master!$A$4:$I$63,8,FALSE),0) -> 1200000 | G62: =IFERROR(VLOOKUP(A62,Attendance_Current!$A$4:$F$63,5,FALSE),0) -> 14 | H62: =IFERROR(VLOOKUP(A62,Employee_Master!$A$4:$I$63,9,FALSE),0) -> 70000 | I62: =H62*G62 -> 980000 | J62: =IFERROR(VLOOKUP(A62,Attendance_Current!$A$4:$F$63,3,FALSE),0) -> 0 | K62: =IF(J62=0,250000,0) -> 250000 | L62: =IFERROR(VLOOKUP(A62,Prior_Month_Payroll!$A$4:$I$63,7,FALSE),0) -> 0 | M62: =SUM(E62:F62,I62,K62) -> 10430000 | N62: =M62-L62 -> 10430000 | O62: =IFERROR(VLOOKUP(A62,Prior_Month_Payroll!$A$4:$I$63,9,FALSE),0) -> 10220000 | P62: =N62-O62 -> 210000 | Q62: =IFERROR(P62/O62,0) -> 0.020547945 | R62: =IF(D62<>"active","check status",IF(G62>40,"Check OT",IF(ABS(Q62)>15%,"check variance","OK"))) -> check status

Sheet Manpower_Cost_Summary
A1: DEPARTMENT MANPOWER COST SUMMARY — COMPLETE THE YELLOW CELLS
A3: Department | B3: Active HC | C3: Current Net Pay | D3: Prior Net Pay | E3: Variance | F3: Variance % | G3: Total OT Hours | H3: OT Pay | I3: Exception Count | J3: Manager Comment
A4: Production | B4: =COUNTIFS(Payroll_Reconciliation!$C$3:$C$62,A4,Payroll_Reconciliation!$D$3:$D$62,"active") -> 9 | C4: =SUMIFS(Payroll_Reconciliation!$N$3:$N$62,Payroll_Reconciliation!$C$3:$C$62,A4) -> 69275000 | D4: =SUMIFS(Payroll_Reconciliation!$O$3:$O$62,Payroll_Reconciliation!$C$3:$C$62,A4) -> 68725000 | E4: =SUMIFS(Payroll_Reconciliation!$P$3:$P$62,Payroll_Reconciliation!$C$3:$C$62,A4) -> 550000 | F4: =IFERROR(E4/D4,0) -> 0.0080029101 | G4: =SUMIFS(Payroll_Reconciliation!$G$3:$G$62,Payroll_Reconciliation!$C$3:$C$62,A4) -> 119 | H4: =SUMIFS(Payroll_Reconciliation!$I$3:$I$62,Payroll_Reconciliation!$C$3:$C$62,A4) -> 5625000 | I4: =COUNTIFS(Payroll_Reconciliation!$C$3:$C$62,A4,Payroll_Reconciliation!$R$3:$R$62,"<>OK") -> 1 | J4: Payroll cost remained relatively stable compared with the prior month. One payroll exception should be reviewed before approval.
A5: Quality Control | B5: =COUNTIFS(Payroll_Reconciliation!$C$3:$C$62,A5,Payroll_Reconciliation!$D$3:$D$62,"active") -> 10 | C5: =SUMIFS(Payroll_Reconciliation!$N$3:$N$62,Payroll_Reconciliation!$C$3:$C$62,A5) -> 90760000 | D5: =SUMIFS(Payroll_Reconciliation!$O$3:$O$62,Payroll_Reconciliation!$C$3:$C$62,A5) -> 89530000 | E5: =SUMIFS(Payroll_Reconciliation!$P$3:$P$62,Payroll_Reconciliation!$C$3:$C$62,A5) -> 1230000 | F5: =IFERROR(E5/D5,0) -> 0.013738412 | G5: =SUMIFS(Payroll_Reconciliation!$G$3:$G$62,Payroll_Reconciliation!$C$3:$C$62,A5) -> 168 | H5: =SUMIFS(Payroll_Reconciliation!$I$3:$I$62,Payroll_Reconciliation!$C$3:$C$62,A5) -> 10460000 | I5: =COUNTIFS(Payroll_Reconciliation!$C$3:$C$62,A5,Payroll_Reconciliation!$R$3:$R$62,"<>OK") -> 1 | J5: payroll remained relatively stable compared with prior month. However, QC recorded the highest overtime hours among departements, and one exception should be reviewed before approval
A6: Warehouse | B6: =COUNTIFS(Payroll_Reconciliation!$C$3:$C$62,A6,Payroll_Reconciliation!$D$3:$D$62,"active") -> 9 | C6: =SUMIFS(Payroll_Reconciliation!$N$3:$N$62,Payroll_Reconciliation!$C$3:$C$62,A6) -> 68870000 | D6: =SUMIFS(Payroll_Reconciliation!$O$3:$O$62,Payroll_Reconciliation!$C$3:$C$62,A6) -> 68320000 | E6: =SUMIFS(Payroll_Reconciliation!$P$3:$P$62,Payroll_Reconciliation!$C$3:$C$62,A6) -> 550000 | F6: =IFERROR(E6/D6,0) -> 0.0080503513 | G6: =SUMIFS(Payroll_Reconciliation!$G$3:$G$62,Payroll_Reconciliation!$C$3:$C$62,A6) -> 148 | H6: =SUMIFS(Payroll_Reconciliation!$I$3:$I$62,Payroll_Reconciliation!$C$3:$C$62,A6) -> 6720000 | I6: =COUNTIFS(Payroll_Reconciliation!$C$3:$C$62,A6,Payroll_Reconciliation!$R$3:$R$62,"<>OK") -> 1 | J6: payroll cost remained relatively stable compare with the prior month, but one exception should be review before approval.
A7: Engineering | B7: =COUNTIFS(Payroll_Reconciliation!$C$3:$C$62,A7,Payroll_Reconciliation!$D$3:$D$62,"active") -> 8 | C7: =SUMIFS(Payroll_Reconciliation!$N$3:$N$62,Payroll_Reconciliation!$C$3:$C$62,A7) -> 85710000 | D7: =SUMIFS(Payroll_Reconciliation!$O$3:$O$62,Payroll_Reconciliation!$C$3:$C$62,A7) -> 84715000 | E7: =SUMIFS(Payroll_Reconciliation!$P$3:$P$62,Payroll_Reconciliation!$C$3:$C$62,A7) -> 995000 | F7: =IFERROR(E7/D7,0) -> 0.011745264 | G7: =SUMIFS(Payroll_Reconciliation!$G$3:$G$62,Payroll_Reconciliation!$C$3:$C$62,A7) -> 118 | H7: =SUMIFS(Payroll_Reconciliation!$I$3:$I$62,Payroll_Reconciliation!$C$3:$C$62,A7) -> 6560000 | I7: =COUNTIFS(Payroll_Reconciliation!$C$3:$C$62,A7,Payroll_Reconciliation!$R$3:$R$62,"<>OK") -> 2 | J7: Payroll cost remained relatively stable, but two payroll exceptions should be reviewed before approval.
A8: Finance | B8: =COUNTIFS(Payroll_Reconciliation!$C$3:$C$62,A8,Payroll_Reconciliation!$D$3:$D$62,"active") -> 9 | C8: =SUMIFS(Payroll_Reconciliation!$N$3:$N$62,Payroll_Reconciliation!$C$3:$C$62,A8) -> 70140000 | D8: =SUMIFS(Payroll_Reconciliation!$O$3:$O$62,Payroll_Reconciliation!$C$3:$C$62,A8) -> 69645000 | E8: =SUMIFS(Payroll_Reconciliation!$P$3:$P$62,Payroll_Reconciliation!$C$3:$C$62,A8) -> 495000 | F8: =IFERROR(E8/D8,0) -> 0.0071074736 | G8: =SUMIFS(Payroll_Reconciliation!$G$3:$G$62,Payroll_Reconciliation!$C$3:$C$62,A8) -> 118 | H8: =SUMIFS(Payroll_Reconciliation!$I$3:$I$62,Payroll_Reconciliation!$C$3:$C$62,A8) -> 4990000 | I8: =COUNTIFS(Payroll_Reconciliation!$C$3:$C$62,A8,Payroll_Reconciliation!$R$3:$R$62,"<>OK") -> 1 | J8: payroll remained relatively stable compared with the prior month, but one payroll exception shoul be reviewed before approval
A9: HR | B9: =COUNTIFS(Payroll_Reconciliation!$C$3:$C$62,A9,Payroll_Reconciliation!$D$3:$D$62,"active") -> 8 | C9: =SUMIFS(Payroll_Reconciliation!$N$3:$N$62,Payroll_Reconciliation!$C$3:$C$62,A9) -> 84570000 | D9: =SUMIFS(Payroll_Reconciliation!$O$3:$O$62,Payroll_Reconciliation!$C$3:$C$62,A9) -> 83295000 | E9: =SUMIFS(Payroll_Reconciliation!$P$3:$P$62,Payroll_Reconciliation!$C$3:$C$62,A9) -> 1275000 | F9: =IFERROR(E9/D9,0) -> 0.015307041 | G9: =SUMIFS(Payroll_Reconciliation!$G$3:$G$62,Payroll_Reconciliation!$C$3:$C$62,A9) -> 116 | H9: =SUMIFS(Payroll_Reconciliation!$I$3:$I$62,Payroll_Reconciliation!$C$3:$C$62,A9) -> 6920000 | I9: =COUNTIFS(Payroll_Reconciliation!$C$3:$C$62,A9,Payroll_Reconciliation!$R$3:$R$62,"<>OK") -> 2 | J9: Payroll cost increased slightly compared with the prior month. Two payroll exceptions should be verified before payroll approval.
A11: TOTAL | B11: =SUM(B4:B9) -> 53 | C11: =SUM(C4:C9) -> 469325000 | D11: =SUM(D4:D9) -> 464230000 | E11: =SUM(E4:E9) -> 5095000 | F11: =E11/D11 -> 0.010975163 | G11: =SUM(G4:G9) -> 787 | H11: =SUM(H4:H9) -> 41275000 | I11: =SUM(I4:I9) -> 8
